{
  "generator-jhipster": {
    "applicationType": "monolith",
    "gitCompany": "",
    "baseName": "DalanBank",
    "packageName": "com.dalanbank.app",
    "packageFolder": "com/dalanbank/app",
    "serverPort": 8080,
    "serviceDiscoveryType": false,
    "authenticationType": "session",
    "cacheProvider": "no",
    "enableHibernateCache": false,
    "websocket": false,
    "databaseType": "sql",
    "devDatabaseType": "mysql",
    "prodDatabaseType": "mysql",
    "searchEngine": false,
    "enableSwaggerCodegen": false,
    "messageBroker": false,
    "buildTool": "gradle",
    "useSass": true,
    "clientPackageManager": "npm",
    "testFrameworks": [],
    "enableTranslation": true,
    "nativeLanguage": "ru",
    "languages": ["ru", "en"],
    "clientFramework": "angularX",
    "jhiPrefix": "jhi",
    "withAdminUi": false,
    "jhipsterVersion": "7.3.1",
    "skipClient": false,
    "skipServer": false,
    "skipUserManagement": false,
    "skipCheckLengthOfIdentifier": false,
    "skipFakeData": false,
    "entitySuffix": "",
    "dtoSuffix": "DTO",
    "blueprints": [],
    "otherModules": [],
    "pages": [],
    "creationTimestamp": 1634821599395,
    "rememberMeKey": "33c4139bbf66fe0e4da68255dc1036a78a899b3edbd46a4d565af193f14f660c1c1ce219d63ff2080b2713da61d4da68421a",
    "devServerPort": 4200,
    "clientTheme": "none",
    "clientThemeVariant": "",
    "reactive": false,
    "enableGradleEnterprise": false
  },
  "git-provider": "GitHub",
  "git-company": "Dalan13",
  "repository-name": "dalan-bank-repository"
}
